Image Compression_256,0.160665,
3D Rendering_4,0.0216165,
3D Rendering_2,0.0196003,
Optical Flow_1,0.125583,
Optical Flow_2,0.184309,
Lenet_512,0.404434,
Digit Recognition_1,4.7325,
Digit Recognition_1,5.09862,
Lenet_256,1.40181,
Image Scaling_1,2.77191,
3D Rendering_4,0.206975,
Image Compression_512,0.266588,
Optical Flow_2,0.173486,
Digit Recognition_1,4.50608,
Image Compression_64,0.265074,
Lenet_16,0.832572,
Image Compression_128,0.446494,
3D Rendering_2,0.0202757,
Lenet_512,0.378303,
Lenet_1024,0.749661,
Image Scaling_2,4.06356,
Lenet_512,0.87707,
Image Scaling_1,2.47542,
3D Rendering_2,0.196249,
Lenet_1024,0.74971,
Lenet_256,0.192569,
Image Compression_1024,0.704456,
Image Compression_512,0.266411,
Optical Flow_1,0.117844,
Image Compression_512,0.361903,
Optical Flow_2,0.169186,
Image Scaling_2,4.10925,
3D Rendering_4,0.650494,
Optical Flow_1,0.427127,
Optical Flow_2,0.163832,
Digit Recognition_1,4.63703,
Optical Flow_1,1.05212,
Image Scaling_2,4.67565,
Digit Recognition_1,4.69116,
Digit Recognition_1,4.65624,
Lenet_512,0.37837,
Image Compression_8,0.0430818,
Optical Flow_1,0.109615,
Image Compression_256,0.151014,
Image Compression_512,0.266288,
3D Rendering_2,0.0199201,
Image Scaling_1,2.16744,
Image Scaling_1,2.6107,
Lenet_512,0.602369,
3D Rendering_2,0.0204215,
Image Scaling_2,4.06355,
Image Scaling_2,4.26083,
3D Rendering_4,0.11451,
Digit Recognition_1,4.50642,
Lenet_512,0.417486,
Image Scaling_2,4.2743,
Image Scaling_2,4.27669,
Image Compression_256,0.470097,
Lenet_1024,0.8283,
Image Scaling_2,4.06365,
Image Scaling_2,4.06327,
Optical Flow_1,0.122299,
Image Scaling_1,2.1424,
Lenet_1024,0.749786,
Image Scaling_2,4.1072,
3D Rendering_4,0.0222516,
Lenet_1024,0.828336,
Image Scaling_4,8.21519,
Digit Recognition_1,4.68697,
Image Compression_512,1.02559,
Image Compression_256,0.579008,
Digit Recognition_1,4.72619,
Optical Flow_2,0.458958,
Digit Recognition_1,4.53835,
Image Compression_128,0.452723,
Lenet_512,0.501645,
3D Rendering_2,0.0203246,
Digit Recognition_1,4.50381,
Image Scaling_2,7.05085,
Digit Recognition_1,6.34793,
Image Scaling_2,4.06313,
3D Rendering_2,0.0198967,
3D Rendering_4,0.0206717,
Optical Flow_2,0.163646,
3D Rendering_1,0.0183087,
Image Compression_1024,0.495131,
Lenet_1024,0.749242,
Lenet_512,0.378133,
Digit Recognition_1,4.50557,
3D Rendering_4,0.176526,
Image Compression_1024,0.935431,
Image Scaling_1,2.03465,
Digit Recognition_1,4.50584,
Optical Flow_2,0.178393,
Lenet_512,0.416921,
Optical Flow_1,0.363492,
Lenet_1024,0.749664,
Image Scaling_2,4.06353,
Digit Recognition_1,4.50358,
Image Scaling_1,2.61351,
Optical Flow_2,0.164431,
Image Scaling_2,4.06319,
Digit Recognition_1,4.50604,
Image Compression_512,0.493477,
Image Compression_256,0.253436,
Lenet_1024,0.749694,
Digit Recognition_1,4.50595,
Image Scaling_2,4.26067,
Optical Flow_2,0.611019,
Lenet_256,0.442954,
Image Compression_1024,0.505153,
Digit Recognition_1,4.68877,
Digit Recognition_1,4.57986,
3D Rendering_4,0.329115,
Optical Flow_1,0.451895,
Image Scaling_1,2.03841,
Image Compression_1024,0.864423,
Optical Flow_1,0.124185,
Image Scaling_1,2.0347,
Digit Recognition_1,4.50329,
Image Compression_512,0.270151,
Lenet_128,0.0995875,
Image Compression_1024,0.687344,
Optical Flow_1,0.118983,
Image Scaling_2,4.06545,
Digit Recognition_1,2.91701,
Image Scaling_2,4.59595,
Image Scaling_2,4.26401,
Digit Recognition_1,4.51205,
Image Compression_128,1.32155,
Lenet_512,0.41744,
Image Scaling_2,4.1086,
Digit Recognition_1,4.53182,
Lenet_1024,1.23712,
Optical Flow_1,0.115168,
3D Rendering_4,0.225663,
Image Compression_32,0.0508956,
Optical Flow_1,0.119516,
Image Compression_512,0.278079,
Optical Flow_1,0.109524,
3D Rendering_4,0.0215035,
Optical Flow_2,0.17852,
Optical Flow_2,0.16766,
Image Compression_1024,0.49617,
Digit Recognition_1,4.50581,
Lenet_512,0.417246,
Image Compression_512,0.315691,
Image Scaling_2,4.063,
Lenet_256,0.212314,
Optical Flow_2,0.178828,
3D Rendering_4,0.0208657,
3D Rendering_2,0.0198543,
Image Compression_512,0.266797,
3D Rendering_4,0.0206605,
Image Scaling_2,4.06326,
Optical Flow_2,0.178611,
Image Compression_1024,0.624677,
Digit Recognition_1,4.59317,
Digit Recognition_1,4.5933,
Image Scaling_1,2.38106,
3D Rendering_4,0.0217,
Image Compression_128,0.0941986,
Optical Flow_1,0.109408,
Image Compression_1024,0.687908,
Lenet_256,0.192606,
3D Rendering_1,0.0192143,
Image Compression_512,0.36114,
Image Scaling_2,4.10811,
Image Compression_256,0.161073,
Optical Flow_2,0.263501,
Lenet_1024,0.749531,
Digit Recognition_1,4.53504,
3D Rendering_1,0.0190245,
Digit Recognition_1,4.73478,
Image Scaling_2,4.26697,
Image Compression_512,0.478433,
3D Rendering_2,0.0206541,
Digit Recognition_1,4.56517,
Digit Recognition_1,4.56545,
3D Rendering_4,0.0243071,
3D Rendering_1,0.0195444,
3D Rendering_2,0.0200694,
Image Compression_128,0.0945766,
Lenet_1024,0.749773,
Digit Recognition_1,4.50608,
Image Compression_256,0.161149,
3D Rendering_2,0.0196694,
Optical Flow_1,0.123917,
3D Rendering_1,0.0189685,
Optical Flow_1,0.109488,
Optical Flow_2,0.164281,
Image Scaling_1,2.03499,
Image Compression_512,0.315669,
Digit Recognition_1,4.50585,
Lenet_512,0.417246,
Optical Flow_2,0.164108,
Optical Flow_1,0.109284,
Lenet_32,0.0511805,
Optical Flow_1,0.109417,
Image Scaling_2,4.10689,
